{
	"0xa891EeeE5A35978aE6B79C2a22670B485645aDEF": 2334.964769591807,
	"0xdeB8ABA616e16d523B97cEeE571aA70bE91B9d65": 9875.35047128887,
	"0x1A6d006b4b122C9498C5d3cFA54306c6168319E7": 16017.469128935441,
	"0x2811998eb4849B0bd70BEDC9559e4cfB2cD3c479": 95780.03805899143,
	"0x70BF6797B6FA924c650bA0483f2cCceb407eEE79": 91518.87887725975,
	"0x697696C79EDC268f17088F180B88bD512a3A837a": 15379.117044083512,
	"0x98265A1ff213DD8136E0Bf58c2c40cb47D2b8648": 18033.561179828732,
	"0xb615167D9A60051Fd0A2D632565FBBECB792679f": 42613.57164605137,
	"0x4caa0B15B72F354919079005Dd0FF89230695eE1": 5076.580800884478,
	"0x0cb005aB128702eD62A2f93844eDf41f3864da45": 10939.042443511671,
	"0x1c59c8aA77B898cCe67381B26D7Cc9AdEE97647D": 29044.33492903584,
	"0xD81727C5f162C42970d323329C6585B79AE7A44f": 61315.63616445118,
	"0x074F21a36217d7615d0202faA926aEFEBB5a9999": 6091.370087837357,
	"0x5cB87df0834cd82297C63eF075421401995914ae": 22004.76607296912,
	"0xEE717E72a2B2320788467299B767cBdd596A2085": 10542.656909055879,
	"0x8049B1636127668e6FD726A0f536b2372b90d96C": 35773.246225248324,
	"0xD0A18Fd109F116c7bdb431d07aD6722d5A59F449": 83971.90952204313,
	"0xc719b262b271017E80241A63C9de0C73dB7F60E8": 24072.700950391205,
	"0x81C68Ae714E2bd4f155DE8497109414137701Aa6": 7463.268096116789,
	"0x4Dfc60f0053A21133461a5C44AD9dfCFBe5eF9C5": 8288.006304335484,
	"0x35f642457dD36f255df093c5C6BE6b3b672Bd6A2": 13271.595600113797,
	"0x1f94a873a0eA1Ab63D9d50cDc5e85fDc9b7cFe71": 69937.76762607042,
	"0xDe2Cf59903c88c8A4825eF48100c97cdd8BC11aF": 25307.177620079674,
	"0x4b93a7c8616eb3a4622273785262ED225035AC60": 1325.0394957016172,
	"0x0a23b59d92b8d43ed629d6Abf0C6C41A25969A61": 0,
	"0x597a6220F900691390D93D13AE5787a4820f5DAE": 1886.7108307049148,
	"0x2B34693bF39679Dd426b8D6cF37Ff39c41AcCDd5": 11973.960513796383,
	"0xE6BB5B970eDBc4A86bDB8753196d3A70F1AA7012": 3666.7702988867345,
	"0xA4A5bCc1bf20FF188107194a9A17d7DDBbC4920C": 69453.95549952233,
	"0xAb5801a7D398351b8bE11C439e05C5B3259aeC9B": 0,
	"0xc7F15d0238d207e19cce6bd6C0B85f343896F046": 0,
	"0xf902aa42C93De86aDCCcDFA1B6d27c69B387DC89": 301.10120946724305,
	"0xFa370fF7eE4c6E0a46a45C5549fdD1Da04C14727": 2356.5054244715207,
	"0xf33e95d49c8D403aE09D744e315d1310821F9073": 1009.7160183141582,
	"0xD9842DbDFD708e7Ca8f0a18Fd3CA882EBe896Eeb": 718.5260920377475,
	"0xcE4F8F24EBDa374D9AAC6186961Cdd7899B0c284": 1429.158180254773,
	"0x87fbBB6B4034BEdc9F0CF3584345dDAD1226767c": 0,
	"0x2359C1B44f7CCF17c52c1fde6d21287fa52ce6f8": 1251.2739553527924,
	"0x53cE247fe7264056b6Fb3ea16A5d1f131757d2C4": 0,
	"0x17FC8984430a23f614a7C85496BF681A75Ac1e55": 3101.2202711498167,
	"0xb30e414767b430B3f0F3A3cB2BECAd2a842562FD": 1546.6276414558738,
	"0x4f24af10010C9910C79A6A7bB3fAB98CF0702144": 271.5697842347618,
	"0xD82F796dB456Fa13BBb0531CF92824B6C24259d3": 1896.0480466921395,
	"0x432e58D32a7B56dE860BDd82Bbe0187706d06dC6": 319.8803746260873,
	"0xF7A589D69Ebc58288ECd461860ca1292D20d484D": 21347.15431470358,
	"0x650D7b05454FCD30bde3155D14c455C11f173f96": 1896.4314640761977,
	"0x84c91979945a84Ee107D5b74fA36E90fFDeb20bc": 305.09840197663533,
	"0x8e0ED2A6523a0d03B6037b1F9c896dD95aaEde1d": 6649.306870358249,
	"0xDaa98b8653B69447f63759e09BFa0F3C3230F39d": 4164.653195130485,
	"0x7f893236FA9C57fA576Fa1dc5579fae51ec34418": 2126.530505091838,
	"0xfc6ADa1d33117A32bd4e09c333C497486D7a9710": 4528.34126164824,
	"0xaa4864C725C5b00FE7979FC95905Fe4c58B60F84": 375.42167385037425,
	"0x7e0Bd988b49290E0E86e1269a9323F347B717139": 2200.741100422544,
	"0x8c56072b1Bd47bf2A52aedfaE3825Aab56e63F3A": 2473.806167791591,
	"0x53d575091578e1df78DC2A28286147CF8B307eeA": 1751.6329511317604,
	"0x89CeC4875097d7A06622D901f389236752c850B9": 2113.097345015219,
	"0x5e586cC15c2771BF0e0eC3D3ce4e4F92527625dD": 4511.248017891202,
	"0x93089f0ab7cD43CefCD218ed725933f2200b3735": 4478.998868333484,
	"0xe22FCa3CC308D03eB43163D7F498CD0493E34074": 0,
	"0xb267Fe627B6464A410F62A066fC37981B5AFE8CA": 0,
	"0xb74AE8056AfF9829C4C70686aA4Ca9e6695A971D": 0,
	"0x77aB994b244C5fba1B49CC775E6cf75c02EDE3F2": 742.4796369274277,
	"0xA126A913a191B12eA01b4f5b77d81eA9DA9FA6C5": 0,
	"0xC8cF7463FC9714C884CE329F37E27A30A13E5B3A": 732.4575590872713,
	"0x085f2aB6C5c3591427a68f8DC64d2c954755511D": 105.5161365684341,
	"0xef3116383c66178221B112616714eAccb0048CcD": 0,
	"0x5254cB1487ea83284bB42e79447765529F383fd8": 34.68857289581872,
	"0x46cEe12AC42c8a5eCe1a7cEe1012d157AeEE6EE4": 0,
	"0xE271d77D4dd71E6808997487Ce0613CBFB88016e": 0,
	"0xA11Af5EF0116D99D86a93795cf2177888D3f2988": 0,
	"0x876214Db6d6a2cBd2127B6c4c26D118B41Ba473a": 59.9340153931783,
	"0x14Aa1fA2fcc5Efa0B4E524B94609B4B7f1eD2FfB": 1304.8288588183455,
	"0xd36f84CbF3b31fB3A40e7Fbe6DB4268F34E7f13A": 651.660682583787,
	"0x1eB0c0D6cadB92b8c58C759E1FcF6f884dCD5Cf0": 0,
	"0x417D495aa339746F70EAe75Ac989cDB7738f6427": 0,
	"0xB171Aa1FD2Bcc4b64477695579c2EB0F0439A324": 37.506704505449086,
	"0xE189c8F983F5C37E7CcB02b32A324c87387ded02": 0,
	"0x7Dbc930A23de567EB6811b60cc4aF3dd9c26f928": 270.3726262390274,
	"0x3529f23f77ea5DE7F49709bCE03d0470CFD180AC": 1334.4940211206688,
	"0x451Bdc6b3f4643DD53062D5a5041146347050e42": 176.8316299780477,
	"0x6Ea931CEF41660FFaa3058aDF5Cd26cd21d4179d": 0,
	"0x677a41FFE1E1A399fc9c32052858a74764f561e0": 0,
	"0xf2cce673dCA508c7323C87761b48dA44bd97f6B2": 0,
	"0xc720ca836768E26D13d5Bdc1302cCCAC99E5c7fC": 238.4791565511436,
	"0xCE2C46Bf1BF188375842F6B79580D1Dd5BF88Ec4": 9.959783733271006,
	"0x5EBc63A08419d054f92dEA90Ac1E71EeF3831e4D": 281.8221989916588,
	"0x18C6A47AcA1c6a237e53eD2fc3a8fB392c97169b": 0,
	"0xAb5971f8C85cC21e6a32EfF8C3cF54635dE764d4": 0,
	"0x01e81BC871bc3463032beaE0fac04615681D5140": 661.94150204607,
	"0x7cCc111A8257A1c801EA46B3eA992e6731Aa19Ff": 38.23209915885495,
	"0x04715Dd182783bfcE6A5b74D0Af21B021A62C0C3": 0,
	"0x0F2d7391539eCBAFE71fc07b2Cbc2dE323ec793D": 0,
	"0x507F84f9a762C9704960afa446a3262b9BEA12C4": 143.5045184760125
}
